merchant_name,amount
,161938.41999999998
KFC,10500.0
Freelance Client,6025.57
Employer Inc.,6008.27
United Airlines,3799.5
FUN,1251.6000000000001
Uber,233.85
Starbucks,60.620000000000005
Netflix,-3737.68
American Airlines,-4003.7699999999995
Kroger,-4826.42
Delta,-6949.87
Hulu,-8881.2
Target,-9718.59
Spotify,-10664.46
McDonald's,-14001.58
